,myID,0,1
242,ENSG00000184009,0.006834833,0.9931652
2270,ENSG00000070831,0.014067075,0.98593295
9997,ENSG00000081237,0.014217045,0.985783
6973,ENSG00000188906,0.016983997,0.98301595
2978,ENSG00000118260,0.020947522,0.9790525
8041,ENSG00000149294,0.02234616,0.97765386
7895,ENSG00000172936,0.022673488,0.9773265
6186,ENSG00000187608,0.022867719,0.9771323
4838,ENSG00000010810,0.02568664,0.9743133
6219,ENSG00000150093,0.025799524,0.9742004
